TAZID,shannon,distance,road_density,gdp_weight,evvolume_weight,poi_density,metro_density,bus_density,pop_density,area
102,0.0,4.511283969392854,24.893300084229598,0.1680728353258277,0.1699509075572715,0.001315753866371466,9.798167090000277,13.997381557143253,136251.1948338778,0.7144157533347163
104,0.6365141682948128,4.190836138749686,23.86438966425605,0.0814305801384146,0.1304263736884271,0.0026354115280017893,0.8534363756482478,5.9740546295377355,142263.30909066126,1.1717357136250006
105,0.0,4.169128559701685,15.730121235760013,0.0814305801384146,0.1304263736884271,0.002425712001390709,10.355227327174852,11.649630743071707,286733.8260014645,0.7725562173430789
106,1.4270610433807247,4.305187451845646,24.176235811800908,0.0814305801384146,0.1304263736884271,0.0028926036701293163,15.55163263510385,19.00755099846026,224317.4173570894,0.5787134210507942
107,0.9184277849930976,3.500878008620407,28.48962896401501,0.0814305801384146,0.1304263736884271,0.0008461636754493809,12.377394188754241,11.25217653523113,66181.8367385113,0.8887106024631469
108,0.0,2.981513252126752,17.445556975868787,0.0814305801384146,0.1304263736884271,0.001590238329735582,3.9401346128235435,10.244349993341213,140265.79733968584,1.2689871898631355
109,0.6730116670092565,3.324752308994898,19.30641689112647,0.0814305801384146,0.1304263736884271,0.0002109527735420386,0.9502377186578315,5.067934499508435,50131.17815581183,3.1570971563462344
110,1.4019454593787286,1.9103899441421632,15.455515003332945,0.0814305801384146,0.1304263736884271,0.0005585556373435255,7.011158627742997,12.620085529937395,40406.50686758662,2.1394450226368527
111,0.9347698978582794,3.3961800040419856,14.116572337083475,0.0814305801384146,0.1304263736884271,0.0009658083846084051,4.539639880650553,6.24200483589451,143013.93592225772,1.7622653231290868
115,0.0,1.294176610327154,20.91424456483494,0.0814305801384146,0.1304263736884271,0.00011309014007775596,4.1374441491861935,5.516592198914925,164429.134492259,0.7250843980183626
123,0.0,5.511575644696246,2.5873890117945875,0.0814305801384146,0.1304263736884271,3.7946785613049013e-06,0.0,2.710484686646358,19010.181716795207,3.6893913506379534
124,0.0,7.851985265831201,6.973815890152457,0.0814305801384146,0.1304263736884271,4.896165497074578e-05,0.0,1.337344141841311,2874.676205646567,26.919031732339068
202,0.3488320958430319,4.905232571678585,13.42496841183618,0.1680728353258277,0.1699509075572715,4.5980189581085975e-05,3.9132076239222107,6.848113341863868,43415.21391474044,2.04436399125665
204,1.320888343149322,6.716883099945005,26.182254884737677,0.1680728353258277,0.1699509075572715,0.00074946770788011,10.796653654935557,9.896932517024261,122725.0822082454,1.1114557639370284
205,0.5004024235381879,5.700366673050911,27.58584917519852,0.1680728353258277,0.1699509075572715,0.0007584452438746601,3.360909500183132,7.842122167093975,93651.64521807875,0.8926164597038239
206,1.0361987848192835,4.385588709107847,28.83414358564257,0.1680728353258277,0.1699509075572715,0.002325625361371599,24.496383003255815,13.779215439331397,205856.91285937262,0.6531575652834736
208,0.0,1.947743371417556,32.969036000079015,0.1680728353258277,0.1699509075572715,0.0025050422668263955,9.53806332124969,9.53806332124969,104393.16022052229,1.1532795802490905
212,0.6931471805599453,3.797135666228663,26.247294358088592,0.1680728353258277,0.1699509075572715,0.0004827183625229813,0.0,7.522883571786721,154161.3034338567,0.7975639622997448
213,0.6890092384766586,4.909418431113387,25.962247996257123,0.1680728353258277,0.1699509075572715,0.001679518347820875,0.0,8.108019610169741,89771.13165343562,1.726651955312272
214,0.0,5.101863027807685,21.94003001576429,0.1680728353258277,0.1699509075572715,0.002263362349325829,0.0,7.097651966526991,81811.7551202033,1.268020712275146
215,0.0,4.578628998858221,18.630550791855857,0.1680728353258277,0.1699509075572715,1.5772178310086017e-05,5.257392770028673,4.673238017803265,52363.59664230408,1.7118762985730556
216,1.0986122886681096,5.599176356891548,22.341414301681763,0.1680728353258277,0.1699509075572715,0.00027653334784828525,12.302257254372458,9.092972753231818,52804.05136893032,1.869581924884031
217,0.6108643020548935,0.6697435481931987,22.634329829278126,0.1680728353258277,0.1699509075572715,0.0019731545638435105,3.455612195873048,6.911224391746096,69782.0761799528,1.4469331600226443
223,1.4669071049122544,1.640156392448225,24.9646355045714,0.1680728353258277,0.1699509075572715,0.0007509494475548695,3.311794697044628,9.521409754003306,53359.15046354318,2.4156119218589422
224,1.3884492798585994,4.836683649209742,34.1635310632598,0.1680728353258277,0.1699509075572715,0.00037639272220971995,7.1120717859394755,5.470824450722674,50647.894552439015,1.8278746000813135
225,0.5623351446188083,1.7421169551253424,32.98978145451577,0.1680728353258277,0.1699509075572715,0.0001249715152171616,7.612478084294109,13.32183664751469,44940.09319192298,1.5763318446507375
226,0.7356219397587946,0.5007446149290039,33.22969965355797,0.1680728353258277,0.1699509075572715,0.0027996952071781536,7.459223464950676,10.774433893817644,93224.31971745359,1.2065413868495254
227,0.9596147939120492,2.7166606037400967,16.81580445618002,0.1680728353258277,0.1699509075572715,2.67792390733141e-05,7.303428838176572,6.694809768328525,82674.94773643823,1.643055166276567
235,0.0,7.51002008724276,5.472125892778757,0.1680728353258277,0.1699509075572715,1.2938336755739045e-05,0.0,0.27725007333726526,14620.867815236747,10.820561542532369
307,1.2820462400528454,5.569420547043484,33.75153137070348,0.2485919645009305,0.1276078816134508,0.00045201035165428087,0.0,6.858088094064951,18548.078880686982,3.207879391862724
309,1.1490596969706204,6.017106255755176,14.549682699810967,0.2485919645009305,0.1276078816134508,0.00023939115346212835,1.3095796141254286,2.619159228250857,23679.042087055073,7.636035247340005
310,0.0,5.381251139612825,16.380860123788278,0.2485919645009305,0.1276078816134508,0.00010668994177437812,0.2392151160860496,1.4352906965162975,21794.729465245095,4.180276710719677
311,1.0114042647073518,6.786627469759348,14.816437866185444,0.2485919645009305,0.1276078816134508,7.983489601744609e-05,0.9319248562347793,3.4170578061941907,18778.790751281864,6.438327238496278
316,0.0,2.654054431595844,26.97673737288252,0.2485919645009305,0.1276078816134508,0.0001935186983083989,3.6273420488922,9.24972222467511,19111.31900768145,5.513695834266951
320,0.5623351446188083,1.5962728099086962,17.111502457918718,0.2485919645009305,0.1276078816134508,0.00023227286063864103,1.8241324133924688,7.600551722468619,39432.90020906394,3.289220405101898
321,0.0,0.3867244180728315,16.959130581423302,0.2485919645009305,0.1276078816134508,0.00047838170794994064,0.7868120196545076,4.720872117927046,48570.67153738665,1.2709521619951942
322,0.6931471805599453,1.281152044801179,17.261256313308504,0.2485919645009305,0.1276078816134508,0.0007789845666438271,0.8080752766014804,8.888828042616284,73875.277166265,1.2375046633564066
323,0.0,2.114130618533877,28.90941576340852,0.2485919645009305,0.1276078816134508,0.0013768674813828272,3.139948646255022,15.176418456899272,44682.4563246069,1.910873014225481
324,0.8239592165010823,2.228744681628842,42.474290192178174,0.2485919645009305,0.1276078816134508,0.0011735166683001924,0.5655502015904541,6.78660241908545,35038.95140452871,1.768189329775217
325,0.4505612088663046,3.303975633745904,39.824767032432966,0.2485919645009305,0.1276078816134508,0.001410663556589828,15.081933962115054,20.109245282820073,73117.15507247915,0.9945613984558759
326,1.0042424730540764,3.848151365128299,36.42630277910048,0.2485919645009305,0.1276078816134508,0.0005960197841604927,2.037674475762368,10.697790997752433,71601.69850464677,1.9630190754605952
328,0.9556998911125344,4.350805993696286,16.993440959801667,0.2485919645009305,0.1276078816134508,0.0006645532888348476,0.7111324653128385,4.977927257189869,44265.230776770084,2.8123992084851346
329,0.9580002800887726,5.178277577214214,17.70725816918411,0.2485919645009305,0.1276078816134508,0.0006316540207989257,1.198016160832481,7.487601005203007,34533.71339720986,3.338853214937374
330,0.4505612088663046,4.897776149042472,22.39850261484849,0.2485919645009305,0.1276078816134508,0.0007212133137198808,9.250717088093483,7.537621331039134,39198.35416903639,2.918757749537741
331,0.0,5.111793394132607,21.76298885402373,0.2485919645009305,0.1276078816134508,0.00020347630687682513,0.0,4.928491862068428,19875.81282021015,2.8406385444820783
332,1.0549201679861442,3.8416291651965184,23.413615067895364,0.2485919645009305,0.1276078816134508,8.38531678719737e-05,3.1056728841471744,7.3406813625296845,32478.419984553984,3.541936462879315
333,0.8675632284814613,3.997183963785573,22.752711670101096,0.2485919645009305,0.1276078816134508,0.0006309908889635644,4.140360163802916,7.866684311225542,59339.77827999183,2.4152264156390397
335,0.6922017029622767,8.2286225421058,9.206762213208084,0.2485919645009305,0.1276078816134508,0.00012520119119185846,1.9102186973474482,2.8926168845547076,14729.849460696329,18.322488679883733
340,0.0,4.236648746210372,18.70388595640291,0.2485919645009305,0.1276078816134508,0.001256088962539237,0.0,4.642356250145015,48275.209330510515,1.5078546734336908
343,0.0,7.749325575449217,24.98853536728957,0.2485919645009305,0.1276078816134508,7.848984962276678e-05,0.0,1.6018336657707508,17500.788660437243,2.4971446057624775
346,0.6365141682948128,7.521476220009779,4.614457624105524,0.2485919645009305,0.1276078816134508,9.231372712478112e-05,0.028204621791867127,1.0435710062990837,4962.615766946542,35.45519303991188
347,0.5004024235381879,5.302901573037473,25.56293546045605,0.2485919645009305,0.1276078816134508,0.00042421858189616404,13.499723435461345,13.908805963808657,24059.922881633156,2.4445007695721985
348,0.0,5.131369650320868,14.900112311814622,0.2485919645009305,0.1276078816134508,2.1408711796943245e-05,0.0,1.297497684663227,6561.584073306114,3.0827921693927087
406,0.6931471805599453,1.806598900937668,9.621891139454137,0.0250273801619968,0.0541802691437586,5.807245312264433e-05,0.6244349798133799,2.6538486642068646,11565.815460618625,6.405860464596862
408,1.3296613488547582,0.267031365358424,15.893160187560754,0.0250273801619968,0.0541802691437586,0.0002409674106461455,0.0,2.2797295236153783,4386.087410051899,4.386483487745254
501,1.6094379124341005,2.6008830630620574,32.072932843086285,0.148203855332294,0.1057898024655629,0.0009486239494794679,0.35264830835667954,14.105932334267182,33037.63908950618,2.8356596470525917
502,1.0114042647073518,0.7744033074798825,29.02908454277398,0.148203855332294,0.1057898024655629,0.00025700204867437057,0.0,8.239760339178293,28098.77548299172,2.548598605065451
506,0.936888307539016,2.204615184840921,16.61813879928436,0.148203855332294,0.1057898024655629,0.0014177346473698586,7.58471349973175,11.832153059581529,66303.90717157273,3.296004855860085
508,0.5623351446188083,2.7110968447186057,15.975962378720324,0.148203855332294,0.1057898024655629,0.0020028346282472535,5.370489707491742,13.605240592312413,79790.74671802048,2.7930745000744235
511,0.6931471805599453,0.9383910460276366,13.154971573479628,0.148203855332294,0.1057898024655629,8.682477955878083e-05,0.0,5.400584374469621,13492.583097114959,4.814311650516311
512,0.8981370031878679,2.299216198935779,13.161945911374216,0.148203855332294,0.1057898024655629,0.0020443711050016815,4.6063257179472545,8.793894552444758,66417.56546264826,2.3880203812829714
513,1.228310352160882,4.955233254919112,9.936093339739944,0.148203855332294,0.1057898024655629,0.0005930332107542871,1.7821155200660501,4.1125742770755,28624.403794242848,7.294702153481944
516,0.0,1.296164345320603,17.15141169212888,0.148203855332294,0.1057898024655629,0.0007543838282293246,0.0,3.364780678988959,37711.98893575751,1.4860128458211304
519,1.190660675649706,4.686954870367992,12.111488416538666,0.148203855332294,0.1057898024655629,0.0009247946805622323,1.0859496014117334,5.864127847623361,43224.391144152585,4.60431008354234
520,1.039720770839918,1.218388291414127,16.436425975772575,0.148203855332294,0.1057898024655629,0.0016378898824343628,0.0,5.141502475760213,44660.29780080622,3.111902670686874
522,1.0608569471580214,1.3358775284958546,13.108848795104995,0.148203855332294,0.1057898024655629,0.001408611658386044,0.511107278079116,8.688823727344973,88924.05202577705,1.956529150848484
525,0.5982695885852573,3.3015364099946325,38.52175002894701,0.148203855332294,0.1057898024655629,0.0013778138660712992,4.06606115619692,6.970390553480435,72568.84938094464,1.7215720114863111
526,0.410116318288409,1.6330497403416917,24.26158551399347,0.148203855332294,0.1057898024655629,0.0018572917760473835,4.4093750830360126,9.763616255294028,73223.50187109072,3.1750052108855384
527,0.0,1.43558379391731,17.67909826322572,0.148203855332294,0.1057898024655629,0.0017992517034269404,3.3257887309185588,8.076915489373643,64842.088438886916,2.1047671857242665
528,0.0,3.6413976742710936,13.557072433820574,0.148203855332294,0.1057898024655629,0.0018619700834620963,0.0,4.3576698710246315,118269.21501901331,1.6063859049834506
529,0.0,0.6844065501014216,13.737738015952292,0.148203855332294,0.1057898024655629,0.0005523569085169207,7.081498827140009,8.093141516731439,60548.68041085408,0.988493879534174
552,0.6365141682948128,5.332530654594598,14.409439804526532,0.148203855332294,0.1057898024655629,0.0010268508107202487,3.415590843036812,8.694231236820976,49709.17543196801,3.220502022188985
553,0.0,4.320287450984313,12.546383815800004,0.148203855332294,0.1057898024655629,0.0017580398856178957,2.073858982023133,9.184232634673874,47807.7561909722,3.375362344038897
558,0.6931471805599453,2.7306791050302466,10.704830753254251,0.148203855332294,0.1057898024655629,0.00043309529993841226,1.2730608463798125,3.3099582005875128,33602.722326745505,3.927538927253998
559,0.0,2.0642792801142003,11.014873486563229,0.148203855332294,0.1057898024655629,0.00033999688483922523,2.4447644518485636,3.8417727100477426,26014.918956753354,5.726560219067164
568,0.0,4.889157847800187,8.940573855154346,0.148203855332294,0.1057898024655629,0.00028238435589822414,0.0,4.975935786752848,23537.86413564343,3.2154786672164235
570,0.0,3.708722244815063,8.396704239694742,0.148203855332294,0.1057898024655629,0.00022094315426005948,0.0,5.338223861316873,43209.34064914752,3.3719098188292884
575,0.0,5.038786838890911,13.703237912566644,0.148203855332294,0.1057898024655629,0.0012596083655396098,5.87991456942764,6.859900330998912,64485.317098725776,3.061301531599366
576,0.410116318288409,4.529175189938078,12.029759165997492,0.148203855332294,0.1057898024655629,0.0006242997053569316,3.7383215889636627,5.98131454234186,71270.57280801475,2.674974993024901
577,0.0,7.612593005831694,14.68473784437847,0.148203855332294,0.1057898024655629,0.0007437336877049183,2.5024686665710574,5.505431066456326,74397.87423333256,1.9980342386368937
578,0.0,4.404682986831549,9.728564379609304,0.148203855332294,0.1057898024655629,0.0011725782185805075,0.0,7.357353528348282,48991.053677889475,3.262044557170354
580,0.6365141682948128,4.285652141173081,11.668954533999049,0.148203855332294,0.1057898024655629,0.0005521347294140779,1.3034342054156702,4.692363139496413,52799.18344468018,3.8360347033057574
582,0.0,2.694709405523767,11.25831662666594,0.148203855332294,0.1057898024655629,0.0009115212674925499,0.0,6.1022344267283675,61074.206025626656,3.9329614845784704
584,0.6931471805599453,3.7363574664899226,13.470695844009567,0.148203855332294,0.1057898024655629,0.0012633573792020184,2.314547870293774,8.10091754602821,55842.3800725777,2.5922784775981684
585,0.0,2.796501898792772,10.163320882954489,0.148203855332294,0.1057898024655629,0.0008152977491618913,2.3153645698598257,3.473046854789739,62816.76267659177,3.4551605455605436
587,0.5982695885852573,2.5071737393470888,9.70604145080316,0.148203855332294,0.1057898024655629,0.0011061027557099157,1.0398960410936218,5.199480205468109,60830.469008474334,2.88490295834399
588,0.0,3.832388544014629,11.741404632255168,0.148203855332294,0.1057898024655629,0.0009246336501205699,0.0,5.499407118084278,73599.1576041626,2.727565185999442
589,0.5195798391305154,4.904360728149017,13.029948549379702,0.148203855332294,0.1057898024655629,0.0013347398962345225,1.4073596544016476,4.785022824965602,65479.90559375833,3.552754053178951
592,0.0,4.910717044522673,11.85915102384914,0.148203855332294,0.1057898024655629,0.000822581299093095,1.3436479893712756,5.912051153233613,54576.61121907298,3.7212094240293445
594,0.6365141682948128,2.8720414045782414,12.054681979687569,0.148203855332294,0.1057898024655629,0.0010116671804179713,0.0,7.3380114633798685,98076.11445559698,2.044157245755966
595,0.0,3.625189750660016,11.693275968691784,0.148203855332294,0.1057898024655629,0.0007277225395121196,0.0,5.90444251125452,59171.30188680358,3.387267029943443
596,0.6365141682948128,2.5168450294377265,13.788537431116012,0.148203855332294,0.1057898024655629,0.0009013788448715437,1.682304675012213,7.0656796350512945,45286.60046500242,2.9720932597715315
598,0.0,3.6231345686260674,18.096941514068305,0.148203855332294,0.1057898024655629,0.0013916751157540576,1.8940797764600987,6.15575927349532,68496.94219179993,2.1118460966468846
601,0.0,2.723523842527698,8.513027119866097,0.148203855332294,0.1057898024655629,0.00034815499364182614,0.0,4.304853089852564,40581.40267250839,3.7166778392846793
628,0.0,3.4869071174735944,5.916711715269197,0.148203855332294,0.1057898024655629,1.7873248909844416e-05,0.15887332364306148,1.827043221895207,13123.420313520981,12.588638941159969
631,0.5623351446188083,2.001326076452193,9.48670484248882,0.0442258814206727,0.0791485937538601,0.0005255713225051015,0.0,5.1164325608933625,45868.40580999403,3.5180860801759133
632,0.6365141682948128,1.6387615440432344,12.51148265453533,0.0442258814206727,0.0791485937538601,0.001376727418156113,1.1655657554588228,5.245045899564703,48669.88533143372,5.147710915977612
633,0.5623351446188083,4.467811305640376,9.94904902611612,0.0442258814206727,0.0791485937538601,0.0008409354136552042,0.4087170904764054,6.335114902384284,34890.28140712831,4.893368385533244
637,0.6365141682948128,1.6239293298516018,9.711393876244902,0.0442258814206727,0.0791485937538601,0.0009984901323651638,0.0,3.9059002332918933,46380.62315407055,2.816262290528028
638,0.6931471805599453,8.860652128272323,9.51784280957575,0.148203855332294,0.1057898024655629,6.591818253076359e-05,0.0,2.1402007315182985,21177.39099763755,7.008677320854001
643,1.039720770839918,3.517664764390686,10.87456190543224,0.0442258814206727,0.0791485937538601,0.0006622333224459697,0.0,2.0877469181777104,30177.034528315067,2.394917231916468
644,0.0,8.14226542449702,2.8753746741363755,0.0442258814206727,0.0791485937538601,5.492889206251566e-05,0.0,1.4124572244646885,5248.076288077575,6.371763321346314
647,0.0,4.37219322120286,9.478675435093525,0.148203855332294,0.1057898024655629,0.0005250499294236525,0.0,3.655410901050745,25761.44998928035,3.0092444343101046
651,0.0,3.644847415780296,4.478540748387644,0.148203855332294,0.1057898024655629,8.300845928976799e-05,0.0,1.2951674499112737,18366.35066805831,8.493113456190533
655,0.6931471805599453,4.466855529475437,4.526901226183644,0.0442258814206727,0.0791485937538601,0.0002874216348173336,0.0,0.9661231422431381,40310.216216427936,2.0701327810291423
656,0.0,5.059984022678187,14.863260844324342,0.0442258814206727,0.0791485937538601,0.00019476985665235278,3.657649890185029,6.4008873078238,31447.812109616483,2.1871791830938543
659,0.0,3.910043397471792,13.080890210651836,0.0442258814206727,0.0791485937538601,0.0001455315946115119,0.0,7.245079385421588,26981.68229838524,3.1745981978716804
681,0.0,7.331400290403517,6.022713293746471,0.0893432896524472,0.1068782359190098,7.812975640424711e-06,0.051065200264213795,0.15319560079264138,9291.963649766378,19.582782160859505
682,0.0,4.333559227535476,7.20741186648991,0.0893432896524472,0.1068782359190098,0.0002833589302789411,0.3333634473869896,2.6669075790959167,40852.116175201634,2.9998445973868852
686,0.410116318288409,2.856897878402987,13.002490114977585,0.0893432896524472,0.1068782359190098,0.00025318513362005714,0.24415152711673785,3.4181213796343295,32104.763534532096,4.095700622699397
687,0.0,4.695101152430245,5.463718310244997,0.0893432896524472,0.1068782359190098,0.000926635085544903,0.0,4.670539745690035,31297.723448310106,2.1410502943024166
690,0.0,2.6612304080882456,7.042457088794624,0.0893432896524472,0.1068782359190098,0.0005046572220215073,0.0,6.257928351019578,61329.62387926768,2.2371570429014396
691,0.0,3.3428853166506727,14.186377520316547,0.0893432896524472,0.1068782359190098,0.00023954251524002808,0.0,2.8712287785619806,41074.94163127913,2.437982770588821
693,1.0042424730540764,0.5367617647172285,14.233734179239327,0.0893432896524472,0.1068782359190098,0.000716276917699203,0.0,3.850951170425823,60341.54198763294,2.077399679737905
698,0.0,2.664410165456333,17.740128208669056,0.0893432896524472,0.1068782359190098,0.0007611231462397092,3.981959658952141,6.8262165582036705,44731.58201343127,1.7579302242515984
699,0.936888307539016,3.932179677914126,25.496716954026645,0.0893432896524472,0.1068782359190098,0.00052798698125257,3.2883579992374927,7.193283123332016,31572.434055766553,4.865557711789488
700,0.6365141682948128,3.1626538239340816,13.083022915509924,0.0893432896524472,0.1068782359190098,0.0006864270684911923,3.7564414547128364,9.265888921624997,31002.898997114353,3.9931427061554086
701,0.0,1.8713784710814287,19.68091456049624,0.0893432896524472,0.1068782359190098,0.0016136460739860161,2.5810077958829436,8.775426506002008,77647.06280628794,1.9372529309353177
703,0.9881542242901944,3.12246980488467,29.43156157893371,0.0893432896524472,0.1068782359190098,0.0020542008073345473,1.254856937895264,10.038855503162113,103148.22758612635,2.3907148554161677
704,0.3767701612564367,4.6849377784878365,30.92900349774348,0.0893432896524472,0.1068782359190098,0.0012453857137815938,2.6242323890641654,7.872697167192496,57371.15051393867,2.667438226863159
705,0.3767701612564367,2.7694445553150864,17.110253925312144,0.0893432896524472,0.1068782359190098,0.0015441729122693299,1.6544709774314248,8.272354887157125,120815.19875979642,1.8132735140017837
706,0.0,0.7885244520814688,12.758810546817772,0.1467878066464643,0.0953903925630772,0.0020154656404167406,1.851315652556712,6.788157392707944,86641.53268504891,1.620469948406485
708,1.0986122886681096,2.835028825212295,19.8490470975813,0.0893432896524472,0.1068782359190098,0.0005414257031877911,0.8642070282327072,6.049449197628951,59682.78670632212,2.3142602351938932
709,0.7356219397587946,3.5261337981414216,13.258351069722972,0.0893432896524472,0.1068782359190098,0.0019106698375017518,3.363855347714352,10.652208601095447,109261.75686085405,1.7836478709397598
710,0.5982695885852573,3.7510180704172313,18.718000062184384,0.0893432896524472,0.1068782359190098,0.0014638231714960569,6.084775653487172,10.431043977406581,110273.03257593076,2.3008118492188707
711,0.0,3.5239479148873434,12.76316473005116,0.0893432896524472,0.1068782359190098,0.0027956456263815315,0.7769998961594029,10.87799854623164,130522.15622182845,1.2870228692399297
712,1.0114042647073518,2.320491533889772,14.010019299946071,0.0893432896524472,0.1068782359190098,0.0015808731824610497,4.710236670275008,8.83169375676564,114724.49460975455,1.698434154474214
715,0.0,3.2041837933648507,4.649258938993404,0.0893432896524472,0.1068782359190098,5.842200338461033e-05,0.2384571566718789,1.6692000967031522,19263.153856576377,8.387255856591844
716,0.0,8.424440852951456,6.634713006990461,0.1467878066464643,0.0953903925630772,5.05898621605243e-07,1.2647465540131075,1.7706451756183508,13730.729980405264,3.9533586398876843
718,0.6931471805599453,3.707990817906879,18.24148275167116,0.0893432896524472,0.1068782359190098,0.0008970855558273119,0.0,5.677756682451341,85046.13694485648,1.4089822807318837
719,0.0,2.424209279783606,41.62622972054699,0.0893432896524472,0.1068782359190098,0.0018162102064708545,6.211389215016602,13.665056273036525,167298.05781248515,0.8049734812280037
724,0.0,5.209632995964685,24.09111016812835,0.0893432896524472,0.1068782359190098,0.000741646486973589,2.325952244092797,6.977856732278392,57476.76652277679,3.009520376054084
728,0.4505612088663046,3.04667935293058,10.847348631060443,0.0893432896524472,0.1068782359190098,0.0009964051395353302,0.34406254818208915,4.472813126367159,44912.548669940625,2.9064371509908473
729,0.0,4.032738540039495,6.797361395842555,0.0893432896524472,0.1068782359190098,0.00013328196423545476,0.0,3.898010202611725,13775.513801984478,6.670059739387972
731,0.6730116670092565,1.2942634651054143,22.324757735070644,0.0893432896524472,0.1068782359190098,0.0007389363365971543,2.724691506626675,6.53925961590402,52276.58714718586,1.835066235863948
732,0.6365141682948128,0.5605780208339701,18.086726431673263,0.0893432896524472,0.1068782359190098,0.0004271314423416639,0.0,4.502044188054429,47001.62426369442,1.7769705049217617
733,0.6931471805599453,3.201796398213142,16.353949601152845,0.0893432896524472,0.1068782359190098,0.00018539568915283558,0.4030341068539904,6.8515798165178365,55640.739282932074,2.4811765943294817
737,0.0,2.992162938779255,6.758247408018803,0.1467878066464643,0.0953903925630772,0.00027117617793471544,1.6585698956251709,4.699281370937984,23624.657190369315,3.617576302222059
741,0.6931471805599453,1.4427183937900523,9.76093864785113,0.1467878066464643,0.0953903925630772,0.0011378710501997904,5.201035780496757,8.090500102994955,63979.87826595623,1.7304190473727425
744,0.0,2.6583867724750507,14.132716976940983,0.1467878066464643,0.0953903925630772,0.0006599311019067843,3.572712848683287,7.655813247178472,64445.78137125152,1.9592981466483832
745,0.0,2.0130239751060603,12.99240722999651,0.1467878066464643,0.0953903925630772,0.0017502414165359542,10.028524401140873,8.97289025365236,71719.02008429392,1.8945950438293377
746,0.6829081047004717,2.524702702057536,13.109152445251675,0.1467878066464643,0.0953903925630772,0.000878530638221865,5.017568546438482,7.298281522092337,50207.07106056901,2.1922908003778017
751,0.0,4.032945815796072,6.658058339662087,0.0893432896524472,0.1068782359190098,0.00021216603426250236,0.0,6.061886693214353,35511.62595638768,3.4642739296444787
771,0.0,6.256326903318123,2.244975848943933,0.1467878066464643,0.0953903925630772,7.979685654224631e-06,0.0,1.4864120336300786,3063.492426946332,12.782469986071883
773,0.0,4.2319813488867775,11.552443056696582,0.1467878066464643,0.0953903925630772,0.0002663659272040979,0.0,2.881578658056502,16588.18112464687,5.552507493612308
775,0.0,5.25122363176201,9.01193516862368,0.1467878066464643,0.0953903925630772,7.651028885754559e-05,0.0,0.9746533612426189,20960.09611224915,6.156030931775826
777,0.9649629230074276,4.4965042219704365,6.371982891451903,0.1467878066464643,0.0953903925630772,0.0001939201544843921,0.0,1.9971179658536777,26255.893909681967,5.007275716920829
781,0.5004024235381879,2.4131330157474,16.52637535292914,0.1467878066464643,0.0953903925630772,0.0015435435885922646,3.6064102537202443,5.048974355208342,39843.29646362396,2.7728378373728404
783,0.0,1.3416750925200236,9.554418681908158,0.1467878066464643,0.0953903925630772,9.329911747282052e-05,0.7678939709697162,2.687628898394007,19095.996940692727,5.20904985002535
790,1.0549201679861442,1.112197410437121,9.955240573633118,0.1467878066464643,0.0953903925630772,0.000333656014215391,2.367754092598872,2.7623797746986836,23642.297780377536,5.068119905817658
792,0.0,2.7891651926021845,7.172561885669421,0.1467878066464643,0.0953903925630772,0.0003173632219331649,2.7631126287713363,3.9473037553876233,28697.83357508665,5.066723926025868
795,0.0,2.4905811509199216,17.927663708624127,0.1467878066464643,0.0953903925630772,0.0004020132305680191,0.0,2.9576525169124213,33628.36570718772,4.395381603941795
799,0.410116318288409,2.6786039014555136,14.801915841036172,0.1467878066464643,0.0953903925630772,0.0010164879795072192,2.520738944841213,10.713140515575155,92988.42798647733,1.5868479895311105
802,1.039720770839918,2.027005809631711,8.28379023995902,0.1467878066464643,0.0953903925630772,0.00046047477083161576,0.0,4.169550839448699,23111.69347096577,3.8373432094629636
804,0.0,2.140142810934445,11.908139883134838,0.1467878066464643,0.0953903925630772,0.00017257810285549916,0.43144525713874793,5.608788342803723,21112.288666238775,2.317797031557818
805,0.6931471805599453,1.168687044975021,9.64885844891747,0.1467878066464643,0.0953903925630772,0.00028157927019614563,2.7507743980085273,4.501267196741226,24235.91411172055,3.9988794956626346
809,0.0,3.9061051586748063,12.713122271602474,0.1467878066464643,0.0953903925630772,0.0006780940883432836,3.626171595418629,4.532714494273287,76180.22020025119,2.2061894748821667
832,0.0,3.2382737025032773,13.046579442955377,0.1467878066464643,0.0953903925630772,0.0010174142207101833,4.997122891503848,6.66283052200513,56063.34771626725,3.0017115790459727
842,0.6829081047004717,2.424393432636014,11.448242065351238,0.1467878066464643,0.0953903925630772,0.0007653247869737889,1.31112910152142,6.181037192886694,30563.278140933646,5.338907012774231
844,0.6931471805599453,1.4017693523280992,6.909885725547516,0.1467878066464643,0.0953903925630772,0.00024718654752356624,1.2689247819484921,2.2840646075072857,23823.51256964758,3.940350933791316
848,0.0,7.256864617893481,3.3702220999580925,0.1467878066464643,0.0953903925630772,0.00011721908940026974,0.0,2.8245563710908375,17310.446130550492,4.956631351549771
849,1.039720770839918,3.568954676866882,14.67667985432216,0.1467878066464643,0.0953903925630772,0.0006621048428817109,0.0,6.706165140212109,50488.47887058356,3.8770429289769868
851,0.0,6.039755787044489,9.329606771474944,0.1467878066464643,0.0953903925630772,0.00025857750754165244,1.3681349605378434,5.928584828997322,16464.459937469688,4.385537106848873
852,0.0,5.734193018645003,3.70653900946597,0.1467878066464643,0.0953903925630772,9.335872710310713e-05,2.8368673981607135,5.673734796321427,15517.32335244472,3.8775050718087014
855,0.336495757583516,2.5582472541006425,14.965073713460708,0.1467878066464643,0.0953903925630772,0.0008694317574090087,0.9671098525128017,5.222393203569129,34949.84096722776,5.1700521375600585
858,1.3321790402101223,0.6830391173373643,8.769688167897685,0.1467878066464643,0.0953903925630772,0.0006726333177455195,0.0,6.904393861245203,28783.72240208093,5.503753051361664
862,0.6931471805599453,3.417300187237029,7.409311554979487,0.1467878066464643,0.0953903925630772,0.0003642963489455625,0.37569235023605624,2.880308018476431,21790.681326334994,7.985225307742404
881,0.0,9.689521239012787,3.522664433311044,0.0359948596075534,0.0967463463011261,4.525985434697971e-06,0.0,0.44058265293520066,742.1009610925777,49.933232730818816
882,0.5004024235381879,8.158538284430108,10.197380115063089,0.0359948596075534,0.0967463463011261,0.00033471591424830523,0.19608430828840376,4.70602339892169,10591.81907894495,5.099832200436394
883,0.0,6.075885380463797,10.98386298425907,0.0359948596075534,0.0967463463011261,0.00023963890660303838,0.2630503914413155,6.050159003150255,13613.378650375955,3.801517707624389
887,0.0,3.727192474223805,4.063339734897691,0.0359948596075534,0.0967463463011261,3.505967360963122e-06,0.0,2.726863502971317,4368.4295031289475,2.5670552751206857
888,0.9743147528693494,6.459082456657081,9.019513102035242,0.0359948596075534,0.0967463463011261,0.00045253668571484414,1.4446502337265574,4.8756945388271316,20058.220794140525,5.537754377120444
890,0.0,4.817924307525242,12.281843971963404,0.0359948596075534,0.0967463463011261,0.0010542423319952789,6.425694831340587,3.4270372433816463,48893.544138107645,2.334377718203544
891,0.0,5.206014784443704,9.027984995942845,0.0359948596075534,0.0967463463011261,7.681082446814446e-05,1.8288291540034396,5.181682603009746,8469.791561070178,3.280777313071088
893,0.6365141682948128,0.5867239645227098,8.142752584105816,0.0359948596075534,0.0967463463011261,0.00031153133906313964,0.0,3.08854599203377,16849.085642762613,4.856702715802851
895,0.0,3.2000541095384216,10.211159366489769,0.0359948596075534,0.0967463463011261,0.00023273877353170784,1.1342045493747945,4.990500017249096,17383.527878361907,4.408426214530937
897,1.0986122886681096,1.7802512445270706,8.953105793433245,0.0359948596075534,0.0967463463011261,0.00010406633873553049,0.0,3.543477483826307,10265.00501864186,5.361906779396999
900,1.0986122886681096,4.482432131859519,12.861053179968405,0.0359948596075534,0.0967463463011261,0.0006049485502597349,5.5045363990876695,3.8531754793613686,28998.507533587253,1.8166969434196618
901,0.6730116670092565,2.942474250410396,10.050380037618307,0.0359948596075534,0.0967463463011261,0.00011068930901859524,0.1576770783740673,3.7842498809776153,10084.761326414851,6.342093573645074
902,0.5623351446188083,4.71250956543232,10.587084489744369,0.0359948596075534,0.0967463463011261,0.00010319835731225064,3.7728431705553995,2.441251463300553,16963.994251447177,4.505866888835995
903,0.6931471805599453,6.128275633106328,10.027602090848148,0.0359948596075534,0.0967463463011261,0.00025207878454257504,3.450353733674538,5.479973577012501,14409.181593231893,4.926962682831772
904,0.6365141682948128,4.44704095005606,10.451894047434216,0.0359948596075534,0.0967463463011261,0.00023096771850662093,0.0,6.428524968375135,10246.996186886467,4.355520309172776
937,0.0,22.261798827987416,1.6189311404932951,0.0123215472133983,0.0338811969944554,1.3816758023876698e-06,0.0,0.2402914438935078,353.0182173074241,33.29289941364403
943,0.0,1.7899178022087734,11.372593533601403,0.0123215472133983,0.0338811969944554,0.00028570294144916514,0.2191813896809859,4.383627793619718,10709.445261018056,9.124795693732361
958,1.320888343149322,1.0417431453769317,20.420477728740163,0.2485919645009305,0.1276078816134508,0.0006613938525158504,1.8063819616117647,12.128564599393277,37148.456770254954,3.8751811654062416
965,0.0,1.1088238145652298,9.910266644671312,0.1467878066464643,0.0953903925630772,0.0007055800593759662,0.0,1.7283038808964268,45371.562688126214,2.3144122392654736
966,0.0,1.8549633113440287,10.74307533105064,0.1467878066464643,0.0953903925630772,0.0023066875889846904,4.208004114900621,7.714674210651139,72630.68481937265,1.425857408030075
967,0.0,0.7742097803797071,15.969459636046198,0.1467878066464643,0.0953903925630772,0.0006150140374326386,0.0,4.734519148827087,46000.00343444022,2.1121411466516844
969,0.9502705392332348,3.43505075276087,22.13987425662233,0.1467878066464643,0.0953903925630772,0.0006342426262341212,0.0,6.6231204131857515,52989.43166947453,3.1707171544696457
972,0.6730116670092565,3.470360062965854,19.07263904701209,0.1467878066464643,0.0953903925630772,0.0004159739467713595,3.7620382782939488,7.5240765565878975,45051.7209571377,3.7213783721937466
974,0.7595473914748635,4.9305746575234535,17.987211514162016,0.1467878066464643,0.0953903925630772,0.0016008530437854596,3.017372083899941,9.600729357863448,46657.08888286824,3.645544633678477
975,0.0,2.919539697640852,13.202788229165645,0.1467878066464643,0.0953903925630772,0.0004967556207116111,0.0,2.0498856425513523,61864.31274937662,1.4634770189201254
977,0.0,4.766230685927033,8.936871833853532,0.1467878066464643,0.0953903925630772,0.0006939790716924838,0.0,1.2899239250789662,47735.1187489311,1.5504622579713871
979,0.0,1.0245005225714798,7.400883025773397,0.1467878066464643,0.0953903925630772,0.00024607664242340594,0.0,4.906436121939075,20001.28354580356,2.6495549587425704
981,0.6931471805599453,4.616455513635327,15.179486615806324,0.1467878066464643,0.0953903925630772,0.0019542130521653647,1.0247577620164472,9.222819858148025,115598.36501886448,0.9758312756550791
982,0.6365141682948128,4.685094098373494,6.6209739330800685,0.1467878066464643,0.0953903925630772,0.0003878461444273108,0.743000276680672,7.058502628466384,38140.091550301746,2.6918000410302567
983,0.6931471805599453,1.7664404355759749,11.710871809472492,0.1467878066464643,0.0953903925630772,0.0004987706172632457,3.1768829125047495,4.235843883339666,41532.45857092233,1.888643309330051
984,0.0,5.071995675584854,9.620723605426749,0.1467878066464643,0.0953903925630772,0.0011522231945638654,0.0,5.1381190393037475,134820.53632242745,0.7785015759690329
986,0.0,2.50699584413374,13.41459174234955,0.1467878066464643,0.0953903925630772,0.0016383438923386734,5.196967144611176,6.49620893076397,102833.00687592707,0.7696799150830671
987,0.6365141682948128,3.575018070619927,6.467520351486494,0.1467878066464643,0.0953903925630772,0.0008674968158986162,0.0,2.425433781636392,75091.85974342286,1.2368917259122114
988,1.039720770839918,4.486180294196573,16.488444403723825,0.1467878066464643,0.0953903925630772,0.0020835936838237744,6.180732747005263,17.855450158015206,93381.6039957111,1.4561486864826745
989,0.9433483923290392,2.322634708811145,13.216884344062745,0.1467878066464643,0.0953903925630772,0.0003288342483836519,2.77603740001548,7.066277018221222,39322.129382318744,3.962476153950644
991,0.5004024235381879,2.129434136901422,15.29481909005993,0.1467878066464643,0.0953903925630772,0.0012702668001249905,6.855719044622154,10.773272784406242,64524.64633802707,2.042095656126752
996,0.3767701612564367,3.9775197614663824,12.952918400925494,0.1467878066464643,0.0953903925630772,0.0012544626906391175,4.200544766550501,5.700739326032823,48220.97347416189,3.3328754776407656
998,0.3488320958430319,6.390850679279627,10.69775657926228,0.1467878066464643,0.0953903925630772,0.001734521586483739,2.6975452355890184,8.991817451963394,49746.552253939066,2.2242546465366053
1000,0.3767701612564367,5.810775524172673,10.766664747202013,0.1467878066464643,0.0953903925630772,0.0007641209075657658,5.83051137608469,10.689270856155265,41813.82647671258,3.0872084876492494
1009,0.0,6.097668709045729,13.165914347491247,0.1467878066464643,0.0953903925630772,0.0018534310353099273,2.1471629232042715,7.7297865235353775,70723.8054403993,2.3286501479164494
1011,0.1125159341196392,4.201827758386134,17.046693867087985,0.1467878066464643,0.0953903925630772,0.0013157210239047505,2.922525597300645,7.014061433521548,54722.096317704716,3.42170736502687
1015,0.9502705392332348,2.2754647006750446,14.068824922462936,0.2485919645009305,0.1276078816134508,0.0001347275164754809,2.2086478110734578,0.6310422317352736,15067.722421043807,3.1693575621823675
1026,0.5004024235381879,2.8408980370164265,11.864601461181984,0.1467878066464643,0.0953903925630772,0.0004667994641669004,0.0,8.074369109913953,42516.90773544375,1.9815763771965362
1029,0.0,3.4448196377905305,9.561822377711591,0.148203855332294,0.1057898024655629,4.551547922962388e-05,0.6064238535405106,1.1117770648242695,8761.351657901618,29.683091166127948
1031,0.6108643020548935,2.202857833819334,17.47368762988418,0.148203855332294,0.1057898024655629,0.000993231287796552,3.0542167521419192,8.755421356140168,39154.193661376936,4.911070361019351
1043,0.6931471805599453,2.603085472556097,18.5767212105511,0.1467878066464643,0.0953903925630772,0.00026632182921668834,0.0,3.507118738655978,16114.66433769579,4.562211068090562
1049,0.0,0.8696420318849403,9.95247086378008,0.1467878066464643,0.0953903925630772,0.0005987259451632617,1.8959022962737864,4.929345970311845,39561.90990583795,2.637347394206651
1060,0.6365141682948128,7.15574987323907,4.531176124356871,0.0442258814206727,0.0791485937538601,3.263289307046507e-05,0.3718033391025819,1.5444138701184171,3324.270525016433,34.964813821650516
1061,1.0317671113505356,4.657270643924058,34.88656503707341,0.1680728353258277,0.1699509075572715,0.0005987947807418032,16.210195048793686,9.824360635632537,49805.75532670044,2.0357486666936384
1062,0.8033149761408755,4.143208325387298,33.825658871051054,0.1680728353258277,0.1699509075572715,0.0024910943305226155,21.737297823059475,13.52542975657034,100683.89303718877,2.070206998481987
1066,0.3767701612564367,2.6692592118185643,26.89435792201792,0.2485919645009305,0.1276078816134508,0.0015970664859703393,0.0,6.33756542051722,121798.78226373199,1.577897548957903
1067,1.039720770839918,2.386261872514565,26.195158579500283,0.2485919645009305,0.1276078816134508,0.0005239961849352708,6.5581499991898715,4.59070499943291,89420.32441274144,1.5248267202726846
1068,1.205697772011519,3.0929418316738384,22.207834437640763,0.2485919645009305,0.1276078816134508,0.0024749712765635844,9.96250657616164,11.385721801327588,137842.08431635803,1.4052711184737396
1071,0.0,4.3400648380892894,41.73178402360692,0.2485919645009305,0.1276078816134508,0.001199021969605861,2.7291850598008978,6.368098472868762,71754.36737629384,1.0992292578703509
1072,0.6615632381579821,4.141447334368909,35.63861338116437,0.2485919645009305,0.1276078816134508,0.0011233400620437835,26.401472269414167,15.329887124175968,59454.540498582835,1.1741744098024607
1074,1.2798542258336676,3.8207766081723618,30.228849719261927,0.2485919645009305,0.1276078816134508,0.0011452898487916221,8.009019921619734,14.015784862834535,123734.21982789083,0.9988667659756059
1075,0.0,4.819589338615904,25.79835502577121,0.2485919645009305,0.1276078816134508,0.0004920972217505744,0.9841944435011488,2.9525833305034466,84480.83569815339,1.016058840926881
1076,0.7356219397587946,2.664737567677397,23.06493566484191,0.2485919645009305,0.1276078816134508,0.0013421957697032846,3.7407908854606595,6.733423593829187,55568.43212752301,1.336613202070396
1081,0.5004024235381879,6.276849277309028,31.586266612471928,0.2485919645009305,0.1276078816134508,0.0017520720440838296,11.261309335300458,7.507539556866972,92976.80564529455,1.06559371783509
1082,0.6365141682948128,4.838461288307386,14.12669455448134,0.2485919645009305,0.1276078816134508,0.001330010929626126,8.375383687821953,6.700306950257563,149424.04773949244,0.5969855679155424
1083,0.0,6.683731490960457,20.96607748923096,0.2485919645009305,0.1276078816134508,0.0006856685957788717,1.3378899429831643,10.703119543865315,29600.06062925773,1.4948955866753444
1085,1.0549201679861442,4.317513461694183,51.593868194597086,0.2485919645009305,0.1276078816134508,0.002849116870240549,5.156772615819999,2.5783863079099993,275817.0855259184,0.3878367425862307
1087,0.0,4.711116450746571,34.16458099060285,0.2485919645009305,0.1276078816134508,0.0008291935216502291,4.858555790919311,11.336630178811726,154295.2186031317,0.6174656665483105
1088,0.0,4.129069592056638,21.664390397203743,0.2485919645009305,0.1276078816134508,0.0021018803769988817,22.207561472331257,13.063271454312503,217591.1391662517,0.7655045175012093
1090,0.0,4.846480938896967,34.96713682482197,0.2485919645009305,0.1276078816134508,0.0007282629892834663,1.8437037703378893,7.374815081351557,146538.6667527922,0.5423892666778719
1092,0.0,4.044528322071312,33.62218809737873,0.2485919645009305,0.1276078816134508,0.00095512411590956,0.0,8.762606567977615,92117.11725830029,0.5706051335997905
1094,0.0,5.950338317791895,46.248742390229374,0.2485919645009305,0.1276078816134508,0.0008117283501283629,0.0,9.99050277081062,158992.7942613174,0.4003797800759058
1095,0.0,2.8269076351166604,22.64754641786514,0.2485919645009305,0.1276078816134508,0.0016961197951581956,0.0,7.217531043226365,110018.79737891123,0.9698615376834976
1096,0.3488320958430319,3.8555772557897368,35.97455316037935,0.2485919645009305,0.1276078816134508,0.002298798851551352,10.233422649560856,14.884978399361243,137521.09332288522,1.074911465784576
1098,0.410116318288409,4.012117450473237,22.045041959747397,0.148203855332294,0.1057898024655629,0.001881399156507271,2.6276524532224457,7.226044246361726,98493.4393294978,1.5222993634977626
1099,0.0,2.3535344072885307,26.995733579601044,0.1680728353258277,0.1699509075572715,0.0005732414708536389,2.5879976110773764,6.469994027693441,210129.40203864395,0.7727952320072569
1100,0.410116318288409,3.793768154175401,30.147336528185644,0.1680728353258277,0.1699509075572715,0.0017491571133212266,2.839540768378615,10.411649484054921,148131.50130962132,1.0565072156588953
1102,0.6277052571971504,3.233112109651782,34.78322991911845,0.1680728353258277,0.1699509075572715,0.0017197091992094727,7.568402343709171,5.886535156218244,98618.96340439837,1.1891475630210253
1104,0.6365141682948128,2.8243922077871693,33.15975156864911,0.1680728353258277,0.1699509075572715,0.0004744910646474451,4.199035970331373,6.298553955497059,166295.2605797305,0.4763004052182493
1106,0.0,3.210418549676538,18.671469175036805,0.1680728353258277,0.1699509075572715,0.0018849131149970852,1.579315555087629,7.10691999789433,136787.54645773035,1.2663799043543005
1107,0.6931471805599453,3.71036738072036,26.686921927409223,0.1680728353258277,0.1699509075572715,0.001381664709023657,7.619474498292226,6.349562081910188,125449.58157418855,0.7874557950723797
1109,1.162225544921092,3.9516732837420903,17.86702177818101,0.1680728353258277,0.1699509075572715,0.001535294343503139,8.066345062188121,8.066345062188121,100400.25013539946,0.7438328081781215
1110,0.5004024235381879,4.590073192388232,19.381557530515483,0.1680728353258277,0.1699509075572715,0.0013116593854690603,5.9351103414889606,11.022347777050927,132381.42607533233,1.1794063912799413
1111,0.6829081047004717,2.344581421259152,28.975515445028336,0.1680728353258277,0.1699509075572715,0.0009073008327588346,0.0,4.550154627677205,86506.84727122901,1.0988667718054208
1112,0.0,4.331116942730007,18.738044957023032,0.1680728353258277,0.1699509075572715,0.0005258069694044694,4.718780494655495,9.43756098931099,70517.26738417103,1.4834380837548067
1113,0.6365141682948128,2.998684930608174,30.145387426653937,0.1680728353258277,0.1699509075572715,0.00035078257583218305,3.0974178881428966,10.840962608500138,88537.76056722805,1.2913981477223135
1114,0.0,2.015784687358213,44.68035204199669,0.1680728353258277,0.1699509075572715,0.0014427048975581462,8.22522746612398,9.870272959348776,149860.58218615287,0.6078849999851226
1115,0.0,5.132445367425313,13.877900783030254,0.1680728353258277,0.1699509075572715,0.00019912135771918256,2.2223365816873053,4.444673163374611,84852.89627661582,2.249887845638709
1119,1.615119550060412,4.663336705253855,28.80589508243212,0.0814305801384146,0.1304263736884271,0.0027047221041465916,18.94063098141871,17.993599432347775,117153.55159192954,1.0559304290739218
1120,0.8760057656431737,5.691097530674182,25.90758585102785,0.0814305801384146,0.1304263736884271,0.0015645104742867796,10.858372291174874,8.143779218381155,109463.78651108633,1.1051371769215026
1121,0.5004024235381879,1.7337219535506605,20.917847034893853,0.1680728353258277,0.1699509075572715,0.0020188233388193835,6.843468945150452,8.212162734180541,286567.72750530514,0.730612626280899
1124,0.0,0.3692810542816866,16.818260382993355,0.0814305801384146,0.1304263736884271,0.0010152282009034624,4.627293531920977,12.03096318299454,143949.06135819084,1.08054542719774
1125,0.6931471805599453,0.903164981580859,26.56346899771509,0.0814305801384146,0.1304263736884271,0.0016809058639313918,0.0,8.46803961678283,209845.20386884286,0.7085413307464976
1126,0.5623351446188083,1.242814939692587,26.146325209922622,0.1680728353258277,0.1699509075572715,0.0031070245483840113,12.336455949340941,21.148210198870185,205589.9343200886,0.567425639712368
1130,0.0,3.0529410866415327,16.257365930379375,0.0814305801384146,0.1304263736884271,0.002211918911766334,10.92305635440165,10.92305635440165,135882.7391931101,0.5492971398959302
1134,0.0,2.956899745017948,22.70505470809256,0.0814305801384146,0.1304263736884271,0.0011667219122421214,11.377607300233452,9.308951427463734,165443.58660657716,0.9668068933996451
1135,0.0,4.5365589792524,16.215769046932866,0.0814305801384146,0.1304263736884271,0.000796099699714841,3.199757635509811,8.95932137942747,62246.23531584596,1.5626246231029286
1137,0.9908353864438492,3.0069508230706794,12.668214486235428,0.0814305801384146,0.1304263736884271,0.0006673433215880548,0.6001288863201932,6.601417749522126,61795.75237423998,1.6663119396362303
1138,0.6365141682948128,3.42975799429308,20.56847576185296,0.0814305801384146,0.1304263736884271,0.0010966266296141335,6.599558453043933,19.7986753591318,173407.65921538763,0.9091524602392551
1143,0.6365141682948128,1.4877350699126752,23.492442579618835,0.0814305801384146,0.1304263736884271,0.00031786950878656006,2.337275799901177,16.360930599308237,60151.597890875535,0.4278439958766889
1144,0.7963116401738131,2.187427247559897,14.154135769838698,0.0814305801384146,0.1304263736884271,0.00025530533381490985,4.8681101786741285,9.736220357348257,23264.121903663283,1.8487695421346395
1149,0.6730116670092565,1.1610501195024128,17.364913056992656,0.0250273801619968,0.0541802691437586,0.00031040726302354095,3.050685631680992,10.677399710883472,16932.312807342954,1.3111912266569978
1154,0.6365141682948128,2.4128040228679644,22.95891392318404,0.0250273801619968,0.0541802691437586,0.0010487781553080386,0.0,12.148009520942532,26907.17658041286,1.2347635174842346
1156,0.6365141682948128,1.8174201183602765,23.03123205438127,0.0250273801619968,0.0541802691437586,0.0014052743811506076,0.0,19.17868262116214,77367.68210881698,0.5735534371779117
1159,0.3488320958430319,1.9352141819445376,21.04768694576454,0.0250273801619968,0.0541802691437586,0.0005841419296737858,8.67284961087717,9.183017235046416,29973.408252754867,1.9601207678676356
1162,0.0,2.230840935335604,14.991042706102547,0.0250273801619968,0.0541802691437586,0.0005235532722046836,0.0,5.683074867893444,30250.240126726218,1.4076747761872535
1163,0.6931471805599453,0.7678965439839291,11.327605887156428,0.1467878066464643,0.0953903925630772,0.0025605536074900887,0.9294205471833353,8.364784924650017,118955.53976081451,1.0759398028654166
1164,0.953271014705891,2.4885496220504946,13.781334725588744,0.1467878066464643,0.0953903925630772,0.0009539389997210934,2.651303501170354,11.135474704915488,72734.50050603002,1.8858588296571615
1166,1.0114042647073518,3.5062210840176293,12.106180167999046,0.1467878066464643,0.0953903925630772,0.0012043502031440973,7.1662420208084185,17.70483322787962,90555.51984247472,2.3722242484354936
1167,1.2200467158296415,6.679996030389324,9.751521738471745,0.1467878066464643,0.0953903925630772,0.00026883076789025465,0.8151327104010146,6.847114767368523,30455.018836090796,6.133964355937956
1168,0.8675632284814613,7.255155523396394,29.426866473795265,0.1680728353258277,0.1699509075572715,0.001281688449979087,3.4677717802464474,6.935543560492895,75621.07592340292,1.4418467162572672
1172,0.0,6.302643719024341,19.30655328412577,0.1680728353258277,0.1699509075572715,0.0018307141212866576,11.805200186868328,9.080923220667945,88447.73487895067,1.1012096593915117
1173,0.7356219397587946,5.730203844389656,22.4643049434153,0.1680728353258277,0.1699509075572715,0.00040520607869448726,3.8812842786828283,6.9863117016290905,43417.75755561041,1.2882401844075073
